pre-detoxed,detoxed_text,toxicity,severe_toxicity
he got his money now he lies in wait till after the election in 2 yrs dirty politicians need to be afraid of tar and feathers again but they arent and so the people get screwed,he got his money now he lies in wait till after the election in 2 yrs dirty politicians need to be afraid of tar and feathers again but they arent and so the people get disadvantaged,0.373134328358209,0.044776119402985
mad dog will surely put the liberals in mental hospitals boorah,Bad dog will surely put the liberals in mental hospitals boorah,0.6052631578947368,0.0131578947368421
"and trump continues his lifelong cowardice by not making this announcement himself

what an awful human being ",and trump continues his lifelong cowardice by not making this announcement himself.what an awful human being ,0.6666666666666666,0.0158730158730158
"while arresting a man for resisting arrest

if you copsuckers cant see a problem with this then go suck the barrel of a glock","while arresting a man for resisting arrest,if you cops cant see a problem with this then go away.",0.8157894736842106,0.0657894736842105
tucker and paul are both total bad ass mofos,tucker and paul are both total bad people,0.55,0.0375
"cry me a river why dont you
drinking drugs dressing like a ho  bad recipe for disaster",cry me a river why dont you drink drugs dressing up bad recipe for disaster,0.2033898305084745,0.0169491525423728
"i really wish the dp would bounce people trying to make a moral equivalence between nazis and blm 


that kind of hateful bothsiderist garbage had got to stop its not even funny any more 


actual nazis are marching in this country and killing people and the response of some is but the blahs and the dp allows such posts to stay up and the posters to continue posting 


ugly",i really wish the dp would bounce people trying to make a moral equivalence between nazis and blm тАЬthat kind of hateful bothsiderist stuff had got to stop its not even funny any more т▒Э.the news is that actual Nazis are marching in this country and killing people and the response of some is but the blahs and the Dp allows such posts to stay up and the posters to continue posting т�Ь,0.525,0.0125
that is child abuse,that is child abuse,0.1929824561403508,0.0
"thats right they are not normal and i am starting from the premise that they are abnormal proceed wth the typical racist bigot sexist rubbish
thanks",thats right they are not normal and i am starting from the premise that they are abnormal proceed wth the typical bad words,0.8032786885245901,0.0655737704918032
only a fool would believe that the msm is not biased against this president,Only a naive person would believe that the msm is not biased against this president.,0.7105263157894737,0.0131578947368421
no   there are no alternative facts go check for yourself it is people like you who have no idea what you are talking about that has gotten this state and country into the mess it is in people who think the goverment be it state or federal can spend the peoples money better than they can is stupid and nonsensical politicians use taxes as personal slush accounts to continue their carrers buying votes from the lame and the lazy,no  there are no alternative facts go check for yourself it is people like you who have no idea what you are talking about that has gotten this state and country into the mess it is in people who think the goverment be it state or federal can spend the peoples money better than they can is bad and senseless politicians use taxes as personal slush accounts to continue their carrers buying votes from the lame and lazy,0.5972222222222222,0.0138888888888888
"the more you whine sore loser artster

the more we enjoy your agony","The more you complain,the more we enjoy your agony.",0.65,0.0
wow some mental gymnastics there mr gupta troll ask not for whom the bell trolls,wow some mental gymnastics there mr gupta ask not for whom the bell trolls,0.463768115942029,0.0144927536231884
disgusting,disgusting,0.6065573770491803,0.0163934426229508
just who  does the buffoon think he is representing,just who  does he think he is representing,0.5303030303030303,0.0151515151515151
this is just disgusting the dnc politicizing this soldiers death and the response from trump,this is just disgusting the dnc politicizing this soldiers death and the response from trump,0.3448275862068966,0.0517241379310344
because the oregon state school board is comprised of 100 political correct fools who think throwing money at education is the solution to the incompetent stupidity this board inflicts on our schools,because the oregon state school board is comprised of 100 political correct people who think throwing money at education is the solution to the bad situation this board inflicts on our schools,0.7361111111111109,0.0416666666666666
gtfo,gtfo,0.0862068965517241,0.0
all you ever talk about is trolling you and your troll president can burn for all i care,all you ever talk about is trolling you and your president can burn for all i care,0.6461538461538462,0.0769230769230769
yep this crap sounds like its from a libertarian,yep this sounds like its from a libertarian,0.8333333333333333,0.0454545454545454
"irt marilyn
what a completely stupid letter about a serious topic in syria   using this to make your political point   you have nothing better here   i dont mind if you dont like trump but suggesting this is some timed is ridiculous",irt marilyn▒what a completely bad letter about a serious topic in syria   using this to make your political point   you have nothing better here   i dont mind if you dont like trump but suggesting this is some timed is ridiculous,0.8032786885245901,0.0163934426229508
"watch people die from taking away their healthcare

ding ding ding  winner of stupid post of the day award",watch people die from taking away their healthcare  winner of post of the day award,0.9,0.0833333333333333
tsboy  klastri is a liar and a pretty good one  tried to convince me that i was a liar when i called him out being an outright liar who is always twisting the facts  you gottem by he whatevers,tsboy  klastri is a liar and a pretty good one  tried to convince me that i was lying when i called him out being an outright liar who is always twisting the facts  you gottem by he whatevers,0.5606060606060606,0.0
to protest such is meaningless stupidity of the left period its not thier busines to know anyones tax returns prior to being elected into office  and please save the stupidity this is left wing period get over it regardless of how many times you post your drivel we see thru you left wingnuts if there is anything wrong the irs will deal with issues as for the russian bs again grow up and get into reality,to protest such is meaningless of the left period its not thier busines to know anyones tax returns prior to being elected into office  and please save it this is left wing period get over it regardless of how many times you post your drivel we see thru you left wingnuts if there is anything wrong the irs will deal with issues as for the russian bs again grow up and get into reality,0.7571428571428571,0.0285714285714285
the trump supporters dont give a damn  their mantra was anyone but hillary  now trumps going to suck the life out of them  heres your shovel now dig six feet under,the trump supporters dont care  their mantra was anyone but hillary  now trumps going to ruin the life out of them  heres your shovel now dig six feet under,0.581081081081081,0.054054054054054
"dunleavy another smallminded gargantuanedegoed and selfproclaimed fumblementalist prophet presuming to bestow his superior if not supreme knowledge upon the rest of us we who have been watching his antics over the last several legislative sessions know better methinks
damn but the rethuglicans have been bombing us with fecal ferrets and shitweasels since gerrymandering this state and destroying representative democracy back in 2010 just look at the state of the state today",Dunleavy another smallminded and selfproclaimed fumblementalist presuming to bestow his superior if not supreme knowledge upon the rest of us we who have been watching his antics over the last several legislative sessions know better.,0.6875,0.125
trump with brains malignant brains but brains nonetheless,trump with brains malignant but brains nonetheless,0.365079365079365,0.0
seems more to me like the far right whack jobs have their racist misogynist in office than any supposed recent liberal leanings of gw,seems more to me like the far right whack jobs have their racist person in office than any supposed recent liberal leanings of gw,0.3382352941176471,0.0294117647058823
what an ugly orgy  shame on fish and game for allowing this  how many ways can we devise to exploit a resourceshame on us,what an orgy  shame on fish and game for allowing this  how many ways can we devise to exploit a resourceshame on us,0.625,0.0375
lol really no offence but thats an idiotic statement im not looking for likes from the douches on the left right political side of things you cant honestly think this though our government federally and provincially across canada works exactly like this the more money in the more money spent it is always and will always be spent with little oversight common sense little efficiency thats it you see provinces with hst taxing more that have massive debts obviously more money didnt make them better money managers quite the opposite actually they post phony  surpluses but debts are ever increasing the problem is the way money is spent thats it bloated public sectors thats sole obligation is to become more bloated what bloats more then more money dont be naive to think less equalization would magically turn these inept politicians to manage money any better that includes cons libs and dippers they have zero sense of money management and probably never will,Lol really no offence but that's a bad statement I'm not looking for likes from the people on the left right political side of things you can't honestly think this though our government federally and provincially across canada works exactly like this the more money we spend it is always and will always be spent with little oversight common sense little efficiency thats it you see provinces with hst taxing more that have massive debts obviously more money didnt make them better money managers quite the opposite actually they are ever increasing the problem is the way money is spent thats it bloated public sectors thats sole obligation is to become more bloated what bloats more,0.9,0.0
"stupid is what stupid thinks and says

cheers
russian troll",Unpleasant is what unpleasant thinks and says.,0.9285714285714286,0.0428571428571428
kind of like you and your smallminded repetitive and utterly banal drivel,kind of like you and your smallminded repetitive and utterly banal drivel,0.5466666666666666,0.0133333333333333
"trump said ill tell you about that maybe sometime
i predict that trump will renege on that comment like he has done on so many of his promises
trump is the liar and thief of the usa",I will tell you about that maybe sometime. I predict that Trump will renege on that comment like he has done on so many of his promises.Trump is not trustworthy.,1.0,0.0
tens years ago i contacted the pdr and suggested that the time might be good to work with alaska on building a gas line alaska rejected them without even consideration despite china being flush with cash and hungry for gas and set up another infamous boondoggle the transcanadaexxon rip off that we are still paying for and have yet to receive anything of value hundreds of millions of dollars on studies and buyouts i hope china says f you alaska you are nothing but ignorant people,tens years ago i contacted the pdr and suggested that the time might be good to work with alaska on building a gas line alaska rejected them without even consideration despite china being flush with cash and hungry for gas and set up another infamous boondoggle the transcanadaexxon rip off that we are still paying for and have yet to receive anything of value hundreds of millions of dollars on studies and buyouts i hope china says f you alaska you are nothing but ignorant people,0.8333333333333333,0.0
headline porn,headline porn,0.55,0.0
"the answer to your question shiftworker1 is that the canadian electoral system assumes that nonvoters are equally unhappy with whoever is elected  it ignores nonvotes and awards legislative authority to whichever party gets a plurality of votes
of course your proposal that we all not vote is not a credible proposal and therefore just wastes our time reading it",the answer to your question shiftworker1 is that the canadian electoral system assumes that nonvoters are equally unhappy with whoever is elected  it ignores nonvotes and awards legislative authority to whichever party gets a plurality of votes.of course your proposal that we all not vote is not a credible proposal and therefore just wastes our time reading it,0.0154362416107382,0.0
cnt twt btch whre,cnt twt girl whre,0.3875,0.1
bunch of inefficient goons cant believe why our government is handing billions of our hard earned monies on a plate to these ineffective noncompetitive useless executives in bombardier we would have got much better roi if our influence meddling liberal government invested these monies in new startups techno companies an in new innovations employing millions of our young capable smart  individuals what a pity,people cant believe why our government is giving billions of our hard earned monies on a plate to these noncompetitive people in bombardier we would have got much better roi if our influence meddling liberal government invested these monies in new startups techno companies an in new innovations employing millions of our young capable smart  individuals what a pity,0.8,0.0
"theres rarely opportunity to agree with bennet on much but in this case hes right  trump is potus mostly because the electorate has grown so sick and tired of the status quo in washington dc  and electing trump was their backlash  

and for the final paragraph hed be more accurate if hed replaced the word price with the word cost  prices are high because costs are high  any reform needs to be focused on cost containment",theres rarely opportunity to agree with bennet on much but in this case hes right  trump is potus mostly because the electorate has grown so sick and tired of the status quo in washington dc  and electing trump was their backlash  тАЬand for the final paragraph hed be more accurate if hed replaced the word price with the word cost  prices are high  any reform needs to be focused on cost containment,0.1111111111111111,0.0
give me a break  truth is all the selfrighteous emoting about the weinstein sexual abuse case is just cheap tawdry  gossipy entertainment for the vacuous american masses who need to get their daily cheap thrill without taking responsibility for their actions maybe  im a cynic but i wonder how many of these shallow selfrighteous people voted for agent orange who was a known sexual abuser  were  being entertained to death   this is kind of how the roman empire ended,give me a break  truth is all the people talking about the weinstein sexual abuse case is just cheap tawdry  gossipy entertainment for the vacuous american masses who need to get their daily cheap thrill without taking responsibility for their actions maybe  im a cynic but i wonder how many of these people voted for agent orange who was a known sexual abuser  were  being entertained to death   this is kind of how the roman empire ended,0.1428571428571428,0.0
ok turkish embassy in ottawa heres my insult against erdogan hes a lowlife fascist dictator he should be overthrown and dumped into the black sea now try sending out your goons to do something about it,ok turkish embassy in ottawa heres my insult against erdogan hes a lowlife fascist dictator he should be ousted and dumped into the black sea now try sending out your goons to do something about it,0.55,0.0375
wow sara fredericks is a hatefilled monster,wow sara fredericks is a hatefilled monster,0.7407407407407407,0.0185185185185185
the law has every freedom to be an asss,the law has every freedom to be an asss,0.8,0.1
i give you two recent examples to back up my sarcastic point  all you have is name calling,i give you two recent examples to back up my sarcastic point  all you have is name calling,0.1111111111111111,0.0
right on  the sad part of this focus on bashing trump is that they are missing the opportunity to channel that passion into positive constructive ideas and build a platform to fix what they think is wrong  unless they aint got any ideas  which is a definite possibility,right on  the sad part of this focus on bashing trump is that they are missing the opportunity to channel that passion into positive constructive ideas and build a platform to fix what they think is wrong  unless they aint got any ideas  which is a definite possibility,0.1428571428571428,0.0
"you are incorrectcomrade
you probably wanted to say that defending oneself against russian aggression is a war crime and attacking ukraine is ok how ridiculous you are tell your kremlin bosses to get their troops out of ukraine and out of georgia moldova syria etc",you probably wanted to say that defending oneself against russian aggression is a war crime and attacking ukraine is ok how ridiculous you are tell your kremlin bosses to get their troops out of ukrain and out of georgia moldova syria etc,0.6197183098591549,0.0140845070422535
leftarded snowflake i bet this dumb broad thinks trump is hitler,leftarded snowflake i bet this broad thinks trump is hitler,0.8620689655172413,0.0344827586206896
"those citizens of this nation of inherited freedoms who choose not to cast a vote voice is not heard you say

oh contra contra their voice is heard loud and clear if you choose not to vote your heard loud and clear  you dont care you are voting by default blessed is the silent majority for those who do vote the less opposition the more power of their vote casted will have  

cant fix stupid but we are electing them to public office due in large part to the silent majority who choose not to vote

to my fellow citizens who choose not to vote i suggest that you find another excuse for not voting voice not being heard is an alternate fact suggestion offered dog ate my ballot",Those citizens of this nation of inherited freedoms who choose not to cast a vote voice is not heard.,0.8333333333333333,0.0
not to take anything away from their collective suffering but his statementthe stupidity and evil of the haqqani networks kidnapping of a pilgrim might have included a reference to his own stupidity for taking his very vulnerable wife and unborn child over there in the first place,not to take anything away from their collective suffering but his statementthe badness of the haqqani networks kidnapping of a pilgrim might have included a reference to his own actions for taking him very vulnerable wife and unborn child over there in the first place,0.6714285714285714,0.0285714285714285
how long have you been such a coward  isnt it embarrassing to be scared of so many things,how long have you been such a coward  isnt it embarrassing to be scared of so many things,0.525,0.0375
just like barrry watson of park orchards who assaulted up to 80 kids just google him for articles,just like barrry watson of park orchards who assaulted up to 80 kids just google him for articles,0.125,0.0
leftist arguments are so ridiculous are you trolling or actually serious,leftist arguments are so ridiculous are you trolling or actually serious,0.7068965517241379,0.0172413793103448
you dont have to be a psychiatrist to diagnose the obvious  potus is off his rocking chair  period,you dont have to be a psychiatrist to diagnose the obvious  potus is off his rocking chair  period,0.2258064516129032,0.0161290322580645
unadulterated racism if youre brownskinned your canadian citizenship notwithstanding be prepared to be turned away at the border   their country had different rules up until recently now they have a new master their rules  what insidious racist hooey,unadulterated racism if youre brownskinned your canadian citizenship notwithstanding be prepared to be turned away at the border   their country had different rules up until recently now they have a new master their rules.,0.475,0.0125
i see their share price is up proof positive that people are ineffably stupid having been suckered as taxpayers thanks justin dimwit they are now making additional voluntary contributions to the bombardier family,i see their share price is up proof positive that people are wrong having been suckered as taxpayers thanks justin dimwit they are now making additional voluntary contributions to the bombardier family,0.6125,0.0125
"

vicepresident mike pence and kansas secretary of state kris kobach will lead the commission

this will no doubt as impartial commission as we have seen in the history of the united  states right right

just when you think the idiot trump cant get any more stupid he pulls another piece of crap and does so wit a straight face

",vice president mike pence and kansas secretary of state kris kobach will lead the commission.this will no doubt as impartial commission as we have seen in the history of the united  states right right now.just when you think trump cant get any more bad he does so with a straight face.,0.8552631578947368,0.0526315789473684
the parallels between the anc and the sicilian mafia are glaring the anc has always been run by a few families who treat the state as turf  as just one big piggy bank for their selfenrichment the government basically believes we all just work for them they arent a democratic government at all but use the appearances of democracy to give their entitlement practices a mask of legitimacy the poor and ignorant have been fooled for so long but people are slowly coming to the anc for what it is a selfserving mafia,"The parallels between the anc and the sicilian mafia are glaring,the anc has always been run by a few families who treat the state as just one big piggy bank for their selfenrichment the government basically believes we all just work for them they arent a democratic government at all but use the appearances of democracy to give their entitlement practices a mask of legitimacy the poor and ignorant have been fooled for so long but people are slowly coming to see what it is.",0.8333333333333333,0.0
and now we have trumpnadians who are quite comfortable with the racist alt right  his disease is spreading,and now we have trumpnadians who are quite comfortable with the racist alt right  his disease is spreading,0.459016393442623,0.0491803278688524
facts never mean a thing to brain washed liberals like this lunatic dante,Fact never mean a thing to brain washed liberals like this.,0.7592592592592593,0.037037037037037
i have don nom de lantinos politicallyincorrect 420 gba  just not to you,i have don nom de lantinos politically incorrect 420 gba  just not to you,0.0909090909090909,0.0
weaponized in the minds of ignorant people,weaponized in the minds of ignorant people,0.6875,0.0
"is that how teslas work i always suspected it was just midgets peddling really fast
damn you elon",is that how teslas work i always suspected it was just midgets peddling really fast.,0.8,0.0875
because people tend to be emotiondriven idiots which is why politicians and activists are always aiming at your heartstrings,because people tend to be emotion driven which is why politicians and activists are always aiming at your heartstrings,0.807017543859649,0.0526315789473684
"intel community how can we work for a president who undermines our work

days before taking office he compared americas spies to adolf hitlers gestapo

american spies do not like having their work dismissed by the president nor do they appreciate comparisons to nazi germany

former cia director john brennan made it clear the person who said that should be ashamed of himself brennan said

coats predecessor gen james clapper called trumps comments a terrible insulting affront  completely inappropriate

trumps opinions are out of step with the conclusions of the agencies he is supposed to be leading

not surprising in a treasonous traitor",intel community how can we work for a president who undermines our work on stubbor days before taking office he compared americas spies to adolf hitlers gestapo.not surprising in a bad person. American spies do not like having their work dismissed by the president nor do they appreciate comparisons to nazi germany.,1.0,0.0
hit em low,hit em low,0.5230769230769231,0.0923076923076923
good bye loserthank god he is finally goneim sure cheeto will find a job for ol bill,good bye guythank god he is finally goneim sure cheeto will find a job for ol bill,1.0,0.0
"trump tugged in different directions

love the asian prostitute reference im sure the appointments are set what would have been a nice headline for his golden shower escapades with russian prostitutes trump showered with hospitality or trump lies washed clean",trump tugged in different directions love the asian prostitute reference im sure the appointments are set what would have been a nice headline for his golden shower escapades with russian prostitutes trump showered with hospitality or trump lies washed clean,0.6578947368421053,0.0657894736842105
i just luv the  hands off my pfd idiots as if they earned it get rid of it and the crime rate will drop 60 get rid of these phony imported posers,I just luv the  hands off my pfd as if they earned it get rid of it and the crime rate will drop 60get rid of these phony imported posers.,0.7241379310344827,0.0344827586206896
spoken like the true libtard you are  hahahaha libtard,spoken like the true libtard you are,0.2115384615384615,0.0
"yesterdays losers
lynch
comey
bill clinton
the dnc
congressional democrats
russia haters",yesterdays losershillary clintonThe dncporate democrats are not good.,0.4328358208955224,0.0
that is an ignorant comment neanderthals werent even modern humans probably the looked more like australian aborigines but no one knows one things for sure they didnt look like any people today,that is an ignorant comment neanderthals werent even modern humans probably the looked more like australian aborigines but no one knows one things for sure they didnt look like any people today,0.6447368421052632,0.0263157894736842
nonsense grow up use your intellect,grow up use your intellect,0.328125,0.0
dont be stupid i can write a book that great depression killed 100 millions americans  you live in propaganda,dont be stupid i can write a book that great depression killed 100 millions americans  you live in propaganda,0.9090909090909092,0.0227272727272727
spin it any way you want but the majority of the american people didnt vote for this narcissistic buffoon he lost that one by a landslide,spin it any way you want but the majority of the american people didnt vote for him by a landslide,0.6774193548387096,0.0
"trudeau must be lining up for selfies in his yoga pants as we speak
you now this is april fools joke right
no idiot would go to chequesrus  stan without good cause 
the real question is why
look up the words useful idiot on google
it becomes clearer 
trust me","trudeau must be lining up for selfies in his yoga pants as we speak.you now this is a joke right?no one would go to chequesrus  stan without good cause,the real question is why look up the words useful on google it becomes clearer i'm sure you will find it very clear",0.7540983606557377,0.0327868852459016
"wanna know the true meaning of backfire just eat some of bks food
still not as bad as taco belch",wanna know the true meaning of backfire just eat some of bks foodstill not as bad as taco belch,0.0714285714285714,0.0
no more chinese please,no more chinese please,0.8333333333333333,0.0
no it didnt youre a confused liberal seal and a liar clap clap clap,no it didnt youre a confused liberal seal and a liar clap clap,0.25,0.0
travis you dont like that i called out carlos tree service for cutting down my trees everything out of your mouth proves why carlos tree service is now in the spotlight for bad behavior and lousy attitude you appear to be one of their employees and you act like a disrespectful brat keep running your mouth everybody is getting the picture of you very clearly,travis you dont like that i called out carlos tree service for cutting down my trees everything out of your mouth proves why caros tree service is now in the spotlight because you appear to be one of their employees and you act disrespectfully.You don't speak with a clear mind everybody is getting the picture of you very clearly,0.4137931034482759,0.0517241379310344
youre a misogynist,You are not good.,0.6428571428571429,0.0
justin trudeau is a true piece of dog dung a real embarrassment to most of us canadians we apologize for our pm to our american friends,justin trudeau is a real embarrassment to most of us canadians we apologize for our pm to our american friends,0.5789473684210527,0.0526315789473684
antiflouriders are in the same boat as antivaxers damned stupid,Antiflouriders are in the same boat as antivaxers.,0.7777777777777779,0.0694444444444444
i live in an area that saw major flood damage in 2013 including areas that were very unexpected trumps reversal is just plain stupid,i live in an area that saw major flood damage in 2013 including areas that were very unexpected trumps reversal is not good.,0.796875,0.0
maybe you fringe lunatics can hijack another country for your inane attempt to create your right wing utopia until then be prepared to fight your fellow countrymen,maybe you can hijack another country for your inane attempt to create your right wing utopia until then be prepared to fight your fellow countrymen,0.5714285714285714,0.0
actually it were the red states that let america down  i mean come on  how could anyone vote for the town butcher to perform brain surgery this really has nothing to do with being liberal or conservative but rather intelligence and knowledge vs ignorance and plain stupidity  stupidity won  congratulations trump supporters,actually it were the red states that let america down  i mean come on  how could anyone vote for the town butcher to perform brain surgery this really has nothing to do with being liberal or conservative but rather intelligence and knowledge vs plain stupidity  won  congratulations trump supporters,0.6625,0.0125
give her another majority and youll see,give her another majority and youll see,0.1428571428571428,0.0
trump has been an anomaly at the best since ive watched his antics in the 80s  thirty years of stupid pet tricks that always had me wondering how anyone would even think about doing a real estate deal with him  turns out that was just part of the total dysfunctional package  and lisa has seen the same crass insulting low brow antics we have for the last year and a half  the groper old party has done itself in largely due to the silence of those like our three horsemen  pathetic,trump has been an anomaly at the best since ive watched his antics in the 80s  thirty years of bad pet tricks that always had me wondering how anyone would even think about doing a real estate deal with him  turns out that was just part of the total dysfunctional package  and lisa has seen the same insulting low brow antics we have for the last year and a half  the groper old party has done itself in largely due to the silence of those like our three horsemen  pathetic,0.7894736842105262,0.0175438596491228
bells attorney jeffrey griffith said bell is looking forward to fighting the allegations   yeah ill bet hes looking forward to itjust like going to the dentist or having a colonoscopy  such stupid lawyer talk,bells attorney jeffrey griffith said bell is looking forward to fighting the allegations   yeah ill bet hes looking forward ti itjust like going to the dentist or having a colonoscopy  such lawyer talk,0.8333333333333333,0.0555555555555555
"the rednecks and morons who elected trump are in their glory 

is that you hillary clinton",the people who elected trump are in their glory тАЬHillary Clinton is that you hillary clinton.,0.7162162162162162,0.054054054054054
rr definitely a heavy boozer rum dumb,rr definitely a heavy boozer rum,0.7884615384615384,0.0192307692307692
elaine marie jeffers sounds like a sociopath ,Elaine marie jeffers sounds like unsuitable person.,0.8,0.0
the water is just fine as is the air  those that work in the oil industry drink the same water and breath the same air as do their families  dont fall for the hype by those who make money off the anti this and anti that crap  lawyers will keep us safe as those harmed by industries will sue the hell out of the alleged offenders  its all good  calm down  we dont need a colossal sized government with government officials that know nothing about the areas they regulate,the water is just fine as is the air  those that work in the oil industry drink the same water and breath the same air as do their families  dont fall for the hype by those who make money off the anti this and anti that  lawyers will keep us safe as those harmed by industries will sue them  its all good  calm down  we dont need a colossal sized government with government officials that know nothing about the areas they regulate,0.9,0.1
ok i finally understandthat evil wench hillary framed trumpwow  gary crum,ok i finally understand that hillary framed trumpwow gary crum,0.3283582089552239,0.0
brasil nobody cares  third world rubbish country the direction in which hawaii is also going,brasil nobody cares  third world country the direction in which hawaii is also going,0.7125,0.025
democrats and libs are simply communists with that out of the way why would you ever want to agree with them or their policies oh the person calling you a racist is the racist it is an old trick,democrats and libs are simply communists with that out of the way why would you ever want to agree with them or their policies oh the person calling you a racist is the racist it is an old trick,0.2539682539682539,0.0
agree but i have to say that the jokers in charge of this state are hardly democrats  the selfinterested monocrats that run this state into the ground are an unique blend of arrogance incompetence and treachery,agree but i have to say that the people in charge of this state are hardly democrats  the selfinterested monocrats that run this state into the ground are a unique blend of arrogance and treachery,1.0,0.0
what describes you  idiot dufus stupid dumpy etc  not name calling just describing your behavior and thinking,what describes you? not name calling just describing your behavior and thinking,0.9298245614035088,0.087719298245614
you know not everyone in rural alaska are poor and forced to shit in honey buckets  just sayin,you know not everyone in rural alaska are poor and forced to live in honey buckets  just sayin,0.4057971014492753,0.0144927536231884
pretty dumb to make enemies of the intelligence and judiciary branchescould be some interesting leaks coming up,pretty bad to make enemies of the intelligence and judiciary branchescould be some interesting leaks coming up,0.6166666666666667,0.0
i  hope karma comes back to bite you,i  hope karma comes back to bite you,0.375,0.025
"rep steve king of iowa is a heartless bastard anyone willing to deport a person who was brought here as a child grew up in america and knows no other country is unfit to be a lawmaker 
sen grahams proposal is fair and consistent with american values it should be adopted by congress",rep steve king of iowa is a heartless person anyone willing to deport a person who was brought here as a child grew up in america and knows no other country is unfit to be a lawmaker .sen grahams proposal is fair and consistent with american values it should be adopted by congress,0.4868421052631579,0.0131578947368421
for crying out loud this is why people distrust the media the headline is totally misleading clickbait xi jinping makes donald trump look like a neophyte even the body of the article notes that china welcomes only one kind of trade if you are buying from them the editors should be ashamed,For crying out loud this is why people distrust the media the headline is totally misleading clickbait xi jinping makes donald trump look unsuitable even the body of the article notes that china welcomes only one kind of trade if you are buying from them the editors should be ashamed,0.1428571428571428,0.0
there are some incredibly stupid people on this planet,there are some incredibly unintelligent people on this planet,0.8653846153846154,0.0576923076923077
this guy should be sentenced to a senior home and tied to a bedpan so the seniors can het on him all day every day  pilau this guy,This guy should be sentenced to a senior home and tied to a bedpan so the seniors can stay with him all day.,0.4729729729729729,0.0405405405405405
"no worries 

this guy is a coward just like all bullies 

besides he doesnt know how to actually get anything done just blister menace and grope as long as he holds some kind of power over people

besides hes got such a short attention span hes already on to the next golfing trip",No worries тАЬthis guy is just like all bullies ├▒▒besides he doesnt know how to actually get anything done just blister menace and grope as long as he holds some kind of power over people ─▒▒ besides hes got such a short attention span he already on to the next golfing trip.,0.5405405405405406,0.0135135135135135
ot wins should only count in the playoffs  dumbest rule change ever  whats wrong with a tie  at least fifa keeps it pure,ot wins should only count in the playoffs  dumbest rule change ever  whats wrong with a tie  at least fifa keeps it pure,0.3787878787878788,0.0151515151515151
go west young man go west where the legal jobs for legal murcans are  git er done murcia trump done got youuns the jobs youuns lected him to git  yall farmers shut thell up you younguns git to californy,go west young man go west where the legal jobs for legal murcans are  git er done murcia trump done got youuns the jobs youuns lected him to git  yall farmers get back to californy.,0.2972972972972973,0.0
anyone who supports a convicted terrorist and murderer who fought against canada and our allies with the taliban should be embarrassed to call themselves canadian khadr was sleep deprived boo hoo what about the canadian soldiers who were killed in afghanistan what about the ieds khadr was filmed building omar khadr is a traitor and a canadian by passport only he had spent a total of 15 months in canada prior to his capture while fighting alongside likeminded taliban cowards the entire khadr family is an embarrassment to canada and so is this payout khadr is owed nothing canada looks like a pathetic joke among our allies,Anyone who supports a convicted terrorist and murderer who fought against Canada and our allies with the taliban should be embarrassed to call themselves canadian khadr was sleep deprived boo hoo what about the canadian soldiers who were killed in afghanistan what about them that was filmed building omarkhadr is a canadian by passport only he had spent a total of 15 months in canada prior to his capture while fighting alongside likeminded taliban.,0.6216216216216216,0.0135135135135135
"as long as your willing to pay a lot more for products you buy then fine
but you better not be going to costco and walmart to buy stuff because its cheaper
if so we get to call you a hypocritical wanker","As long as you're willing to pay a lot more for products you buy then fine,but you better not be going to costco and walmart to buy stuff because it's cheaper.if so we get to call you hypocritical.",1.0,0.2
complete and utter nonsense,complete and utter nonsense,0.46875,0.015625
she is delusional russia imho only has interest in stirring up trouble within the us government for fun and to make us look divided and stupid why would they want to get rid of mw,she is delusional russia imho only has interest in stirring up trouble within the us government for fun and to make us look bad why would they want to get rid of mw,0.75,0.015625
"another brilliant lefty who has chosen to ruin his life for a petty political prank

what are these knuckleheads learning in school  it certainly isnt common sense",another brilliant lefty who has chosen to ruin his life for a political prank.what are these people learning in school  it certainly isnt common sense,0.8333333333333333,0.0
he is our brother but he isnt our president  he is an intellectual and moral imbecile  he is also a russian agent,"He is our brother but he isn't our president, he is an intellectual and moralist. He is also a russian agent.",0.7384615384615385,0.0923076923076923
there is silly very silly and the govt of ontario,there is no good govt of Ontario,0.9,0.1
a rock has more mental horsepower than the indubitably ignorant and more integrity as well theyre largely very dishonest people who repeat the same lies over and over just like their  hero,a rock has more mental horsepower than the indubitably ignorant and more integrity as well theyre largely very dishonest people who repeat the same lies over and over just like their  hero,0.8,0.1
"what i remember most about these floods is the incredible stupidity on the part of sightseers

i saw people duck under the police line  do not cross tape we had strung along bear creek in jeffco to go down and get a better look at the water  i even caught one idiot with his twoyear old child toddling around the bank next to the rushing water

i asked several people that i caught on the wrong side of the tape you just ducked under tape that says police line  do not cross  what do you expect me to do with this  you do realize that i could arrest you

dumb sullen looks in response  apparently i was the bad guy",what i remember most about these floods is the incredible insincerity on the part of sightseers.i saw people duck under the police line  do not cross tape we had strung along bear creek in jeffco to go down and get a better look at the water  i even caught one guy with his twoyear old child toddling around the bank next to the rushing water  apparently i was wrong,0.65625,0.015625
not necessarily stupid  willfully ignorant is more likely  thats why the average trump supporter knows zero about the green economy and truly believes coal is coming back under trump,not necessarily  willfully ignorant is more likely  thats why the average trump supporter knows zero about the green economy and truly believes coal is coming back under trump,0.71875,0.015625
wavemaker i agree  said so in various posts  bullshit walks  bad timing and judgement for julia omalley after all clinton just went through,wavemaker i agree  said so in various posts  bad timing and judgement for julia omalley after all clinton just went through,0.3432835820895522,0.0298507462686567
spoken like a true fakenewscom addict  probably overdosing,spoken like a true fakenewscom addict  probably overdosing,0.217391304347826,0.0
dont be so lazy and pay attention,dont be so lazy and pay attention,1.0,0.0
what keeps me up at night is the fact that these coyotes dont even have concealed teeth permitsthey can just go around biting and tearing anybody they want to shredstotally legal  absurdcrazytotally repukeligan,what keeps me up at night is the fact that these coyotes dont even have concealed teeth permitsthey can just go around biting and tearing anybody they want to shredstotally legal,0.4285714285714285,0.0
"wow you really are an idiot that only applies if he attacked some one here they blew up the house he was is he was wounded and unconscious  he was no threat
the american was killed by grenade likely by an other wounded man when he came closeno geneva with freedom fighters in there own country they wanted a scapegoat and he was still alive that was his only crime i dislike his family as well they should charged with radicalism and deported that said he came here as at 10 he was a minor and be kicked out for things done outside of canada",wow you really are wrong that only applies if he attacked some one here they blew up the house he was is he was wounded and unconscious  he was no threat.the american was killed by grenade likely by an other wounded man when he came closeno geneva with freedom fighters in there own country they wanted a scapegoat and he was still alive that was his only crime i dislike his family as well they should charged with radicalism and deported that said he came here as at 10 he was a minor and be kicked out for things done outside of canada,0.696969696969697,0.0757575757575757
monster  what the f    falsely accusedkeep using the lsd and next you will be telling us you walk on water,what the falsely accusedkeep using the lsd and next you will be telling us you walk on water,0.6891891891891891,0.0675675675675675
"my first impression of fairbanks in may of 1990 was what a dump i bet i end up living here i ended up living here it is decidedly not a dump

after several years in denali where i met my now wife we settled in fairbanks for better job prospects initially i wasnt sure about the place but as i came to learn the extensive trail system the mountain biker in me went nuts i also found plenty of things to get involved in because fairbanks residents have to create their own good times people here are doers when you meet someone questions dont revolve around jobs we ask where have you hikedbikedhuntedfishedclimbedetc in other words how have you taken advantage of this place and what it offers you can go to a party and find a millionaire swapping trail tales with a plumber and theyve known each other for years and you cant tell which is which from the looks of them

as for suggestions visit in march there is no finer place on earth than fairbanks alaska in march",after several years in denali where I met my now wife we settled in fairbanks for better job prospects i wasnt sure about the place but as i came to learn the extensive trail system i also found plenty of things to get involved in because it is not a good one.in other words how have you taken advantage of this place and what it offers you can go to a party and find a millionaire swapping trail tales with a plumber and theyve known each other for years and you cant tell which is which from the looks of them people here are doers when you meet someone questions dont revolve around jobs we ask,1.0,0.0
we could but that would a very stupid ideal since it is a very real issue  but hey we can ignore reality if thats what your political persuasion tells you to do,we could but that would a very bad ideal since it is a very real issue  but hey we can ignore reality if thats what your political persuasion tells you to do.,0.8333333333333333,0.0
ha ha hillary lost all you hillary fools need to be rounded up and put in prison along with your leader you are all antiamerican scum perhaps we should dump you in mexico along with all the illegal trash you let inif you love em so much go live with em but you are not welcome here you hate filled marxist morons,Ha ha hillary lost all you need to be rounded up and put in prison along with your leader perhaps we should dump you in mexico along with all the illegal things you let inif you love em so much go live with them but you are not welcome here you hate filled marxist people,0.8548387096774194,0.0806451612903225
just remember wynne loves to throw these law suites around as taxpayers flip the bill she is one arrogant person,just remember wynne loves to throw these law suites around as taxpayers flip the bill she is one arrogant person,0.484375,0.0
while you prefer a sexual pedator for president pathetic,while you prefer a sexual pedator for president,0.8461538461538461,0.0
claytoon  who are you to say how alaskans can spend there money  you spook,"Claytoon, who are you to say how alaskans can spend there money?",0.1395348837209302,0.0
"gee has he done anything positive howler do enlighten us

heres a wild thought  maybe the stories are negative because hes such an incompetent petty windbag why waste your time defending it",gee has he done anything positive howler do enlighten us the stories are negative why waste your time defending it,0.5125,0.0125
obama the lame duck president going out with a bang wants to be remembered forwhat,obama the lame duck president going out with a bang wants to be remembered forwhat,0.4933333333333334,0.0266666666666666
dumb  dont give him attention  use a different strategy than the one that was used on trump please,don't give him attention  use a different strategy than the one that was used on trump please,0.7121212121212122,0.0
theres a word for you welfare cowboys stupid none of you seem to know anything about how the refuge was established what the constitution really says and what the federal government really does move to mexico or something please,None of you seem to know anything about how the refuge was established what the constitution really says and what the federal government really does move to mexico or something please.,0.8484848484848485,0.0303030303030303
its gonna be a sad day there is already a scarcity of good paper for wiping your butt without adn it will be dat much harder for the homeless community,its gonna be a sad day there is already a scarcity of good paper for wiping your behind without adn it will be dat much harder for the homeless community,0.3636363636363637,0.0303030303030303
yesit is to be expectedoddly enough it happens every time he opens his mouth and says dumb things,yesit is to be expectedoddly enough it happens every time he opens his mouth and says wrong things,0.7794117647058822,0.0
stop talking about this trash next you will b devoting columns to the kardashians it is garbage ignore it  keep it out of our newspaper,stop talking about this next you will b devoting columns to the kardashians ignore it  keep it out of our newspaper,0.6857142857142857,0.0285714285714285
you first you quack,you first.,0.0789473684210526,0.0
"usa has 11 million illegal immigrants from mexico

trudeau with naive sentimental feelgood touchy feely compassion

declares canada will welcome refugees also economic migrants

trump says to tearyeyed bambi justin you can have all 11 million

just dont call them illegal call them undocumented
and give them sanctuary

problem solved",usa has 11 million illegal immigrants from mexico with naive sentimental feelgood touchy feely compassionFontSize proclaims canada will welcome refugees also economic migrants.trump says to tearyeyed bambi justin you can have all 11 million newcomplyjust dont call them illegal call them undocumented and give them sanctuary Nanto problem solved,0.1428571428571428,0.0
hey joe you sound like a russian piece of sh i t trying to divide us americans amirite nice try if im not right its sad that i think your a fking ruskie is that how deluded you are to think that djt is trying to make america great again hey have you been watching fox news do you honestly think that djt wants to help all of us become rich  holy fk did you even go to school,hey joe you sound like a russian i t trying to divide us americans amirite nice try if im not right its sad that i think your a ruskie is that how deluded you are to think that djt is trying to make america great again hey have you been watching fox news do you honestly think that we become rich  did you even go to school,0.5714285714285714,0.0714285714285714
see a shrink you pathetic troll,see a shrink,0.7777777777777779,0.0222222222222222
there is overwhelming video evidence as well as web pages manifestos college campus recruiting posters etc for antifa blm etc not to mention your uncle soros and his efforts you know that silly,there is overwhelming video evidence as well as web pages manifestos college campus recruiting posters etc for antifa blm etc not to mention your uncle soros and his efforts you know that.,0.8,0.0
"the concern is precisely with those who come here and use muticuturalism to fossilize their cultures and refuse to interact with others on the basis of equality

try actually listening bob

you dont hear concern with immigrants who come here and interact with respect with those already here socialize with them intermarry etc the criticism is overwhelmingly with those who refuse to do so stay in their own communities dont learn the language dont socialise outside their communities etc","The concern is precisely with those who come here and use muticuturalism to fossilize their cultures and refuse to interact with others on the basis of equality.try actually listening bob.You don't hear concern with immigrants who come in and interact with them intermarry, you dont hear concern wiyw people who do not learn the language and socialize with them without being told that they are not meant to live",0.1111111111111111,0.0
i was in tokyo japan last year and for the most part bicycles arent allowed on the street but on sidewalksand they dont have a large number of pedestrianbicycle accidents either for a city of 30 millionim fed up with most of the cyclists on the road todaymost dont observe the rules of the roadgo through red lightsstop signs they call them controlled stops no less ride in the opposite direction on one way streets etc etc etcthey dont have to pay for licenses either which they shouldwhy should i pay for bicycle lanes i dont use,i was in tokyo japan last year and for the most part bicycles arent allowed on the street but on sidewalksand they dont have a large number of pedestrianbicycle accidents either for a city of 30 millionim fed up with most of the cyclists on the road todaymost dont observe the rules of the roadgo through red lightsstop signs they call them controlled stops no less ride in the opposite direction on one way streets etc etc etcthey dont have to pay for licenses either which they shouldwhy should i pay for bicycle lanes i dont use,0.0367700072098053,0.0
i didnt vote for trump or hillary as both are foul people one cannot however consider a vote for hillary as sane or a vote for trump as insane,I didn't vote for Trump or Hillary as both are not good people one cannot however consider a vote for hillary as sane or a casting for trump as unsuitable.,1.0,0.0
"the elegant way out of this
the americans pay norsat share holders more cash and cut the crap",The elegant way out of this is to pay norsat share holders more cash and cut the waste.,0.8,0.025
trump troll,Trump is not good.,0.8333333333333333,0.0
another stupid liberal promise hangs in the balance,another liberal promise hangs in the balance,0.7972972972972973,0.0135135135135135
1 term ghost walker get off my lawn don  lt danwhat a trioadd this buffoon in the whitehouse  jeezus were screwed  recession coming all you doomsday preppers were right,1 term ghost walker get off my lawn don  lt danwhat a trioadd this guy in the whitehouse  jeezus were screwed  recession coming all you doomsday preppers were right,0.675,0.0125
now if only we could get our corrupt prime minister to follow suit,now if only we could get our corrupt prime minister to follow suit,1.0,0.0
yep there are tons of em guess how dumb they are,yep there are tons of em guess how bad they are,0.9148936170212764,0.0
both podesta and hillary are evil satan worshipers,both podesta and hillary are bad people,0.71875,0.03125
so the bovine scatology resumes in full foul odious presentation,so the bad scatology resumes in full foul odious presentation,0.532258064516129,0.0
phelon is a felon,phelon is a felon,0.5657894736842105,0.0
"hey stupid
no pictures of jewelry
pathetic","Sorry, no pictures of jewelry.",0.8269230769230768,0.1153846153846154
"everybody already knows this is a tax cut for billionaires program
but we kinda expected youd be a better liar about it gary

trump is gonna be hating on you next gary",everybody already knows this is a tax cut for billionaires programbut we kinda expected youd be a better liar about it gary.trump is gonna be hating on you next gary,0.8,0.0
"seriously your intentionally breathing in a harmful substance and your worry is pesticides

a comedian couldnt make this stuff up 

trust me if you are so stupid as to smoke marijuana in the first place you have bigger problems than potential pesticides","seriously your intentionally breathing in a harmful substance and your worry is pesticides,a comedian couldnt make this stuff up.trust me if you are so careless as to smoke marijuana in the first place you have bigger problems than potential pesticides",0.8064516129032258,0.0161290322580645
youre a loon and im not paid,youre wrong and im not paid,0.6527777777777778,0.0138888888888888
i bet that these communist infiltrators are enjoying the increased value of their retirement investments such losers,i bet that these communist infiltrators are enjoying the increased value of their retirement investments.,0.3428571428571429,0.0
says the very people that reply to almost everything i post really sucks when someone fights back against you people doesnt it,says the very people that reply to almost everything i post really sucks when someone fights back against you people doesnt it,0.2264150943396226,0.0
stupidity is increasing exponentially on planet earth,bad things are increasing exponentially on planet earth,0.8,0.0
"yet trump lying about the fact that nothing was done in october was all obama  

wake up you useful idiots obama tried to get trump and congressional leaders to stand in a united bipartisan front against the russian treachery trump ryan and mcconnell all to stand united with him as loyal americans they all refused showing what treacherous weasels that they are the greatest generation are crying in their graves",yet trump lying about the fact that nothing was done in october was all obama   тАЬwake up you useful people obama tried to get trump and congressional leaders to stand in a united bipartisan front against the russian treachery trump ryan and mcconnell all to stand united with him as loyal americans they all refused showing what weasels that they are the greatest generation are crying in their graves,0.6285714285714286,0.0285714285714285
you must have eaten a lot of lead paint as a child it is illegal for trumps comments to have a bearing on the sentence he wont receive anything you think he should receive and once again you will be proven to be a knownothing cretin,you must have eaten a lot of lead paint as a child it is illegal for trumps comments to have a bearing on the sentence he wont receive and once again you will be proven wrong,0.5344827586206896,0.0517241379310344
please stop your nonsense you are way overpaid and so badly underqualified boo hoo,please stop your nonsense you are way overpaid and so badly underqualified boo hoo,0.5394736842105263,0.0263157894736842
"bmw  unreliable overrated  overpriced 

hurry up and dump it b4 the warranty runs out   you will be very sorry if you dont

",bmw  unreliable overrated  overpriced  remarkhurry up and dump it b4 the warranty runs out   you will be very sorry if you dont get it,0.1785714285714285,0.0
adn is endorsing without officially endorsing  bunch of cowards,adn is endorsing without officially endorsing them,0.8444444444444446,0.0444444444444444
bernier is an absurd incompetent,bernier is not suitable,0.8333333333333333,0.037037037037037
this is a very racist statement  you would be too much of a coward to say it to my face  yes  youre a coward  period  and yes  your president has done some weird thing to his skin and hair that makes him appear orange  thus the orange dude,this is a very racist statement  you would be too much of a coward to say it to my face  yes  youre wrong period  and yes  your president has done some weird thing to his skin and hair that makes him appear orange  thus the orange dude,0.6363636363636364,0.0303030303030303
omg  the articles says that murkowski voted yes as she felt the full senate deserved to vote on devos and in deference to the presidents selection as she has done with prior administrations   huh  what a lie   does she think we forgot that she sided with the rest of the republicans to prevent president obamas selection for the supreme court from even having a hearing  what a hypocrite,"Omg, the articles says that Murkowski voted yes as she felt the full senate deserved to vote on devos and in deference to the president's selections. What a lie?",0.6885245901639344,0.0
"unlike jim i dont think youre the nastiest person but you are contradicting yourself here

youre naming and disdaining several dangerous and violent people as the nastiest or among the nastiest while at the same time earlier in the thread youre calling for mollycoddling and babying paraphrased the guy shooting near the highway and threatening people  

which is it  violent people are nasty or theyre pathetic people who need a warm blankie and understanding",unlike jim i dont think youre the bad person but you are contradicting yourself here.you're naming and disdaining several dangerous and violent people as the nastiest or among the nestiest while at the same time earlier in the thread youre calling for mollycoddling and babying paraphrased the guy shooting near the highway and threatening people  тАЬwhich is it  violent people are bad people who need a warm blankie and understanding,1.0,0.0
i hope that he drives a wooden stake through the black heart of cafe  let freedom reign supreme,i hope that he drives a wooden stake through the black heart of cafe  let freedom reign supreme,0.9,0.1
no more government money into the media they do not deserve to be propped up when they are already dead from the  up,no more government money into the media they do not deserve to be propped up when they are already dead from the  up,0.9,0.0
take the whole bottle of instant asshole pills at once today did ya kylie,take the whole bottle of instant pills at once today did ya kylie,0.5466666666666666,0.0933333333333333
thats called compound w3ttbackkk interest,thats called compound w3ttbackkk interest,0.1428571428571428,0.0
stoopid republicans brought this debacle all upon themselves the two jerks look like theyre having a grand old time, republicans brought this debacle all upon themselves the two look like theyre having a grand old time,0.7258064516129032,0.032258064516129
quite the contrarybecause i carry every day im not afraid of a damn thing,quite the contrarybecause i carry every day im not afraid of a thing,1.0,0.2
it makes me sick to my stomach that kemp can continue to represent zuma knowing full well what he has and is doing to our beloved country and its people  in my eyes he is as bad as the no1 pig and hes getting payed with tax money bollocks that hes just doing his job thats utter garbagekemp you will go down in history as one of the pigs that ate from the trough karma is coming your way,it makes me sick to my stomach that kemp can continue to represent zuma knowing full well what he has and is doing to our beloved country and its people  in my eyes he is as bad as the no1 pig and hes getting payed with tax money bollocks that hes just doing his job thats utter badkemp you will go down in history as one of the pigs that ate from the trough karma is coming your way,0.5733333333333334,0.0266666666666666
what if someone posts a pile of horse s,what if someone posts a pile of horse s,0.4264705882352941,0.0294117647058823
i dont expect epa to get everything right but i do demand they protect americas lands in washingtons hand from mega corporations owned by greedy investors hiring idiots rushing for next big discovery on public lands and public gets nothing but tax bill to clean up private toxic dumps,i dont expect epa to get everything right but i do demand they protect americas lands in washingtons hand from greedy investors rushing for next big discovery on public lands and public gets nothing but tax bill to clean up private toxic dumps,0.6052631578947368,0.0
8020 rule help 20 and piss off 80,8020 rule help 20 and piss off 80,0.2407407407407408,0.0185185185185185
what a moron,what a person,0.890625,0.0625
"and yet you support serial rapist sexual assaulter and pussy grabber dumpster and if youd bother to check your facts the kathy shelton story is bogus  but then republicans only like alternative facts
",and yet you support serial rapist sexualist and if youd bother to check your facts the kathy shelton story is bogus  but then republicans only like alternative facts,0.5857142857142859,0.0571428571428571
oh please  buying the fake news of those who disagree and can get media attention that francis is not clear  really  prove your assertion   again stating an factually crippled opinion with no documentation  you sound like ms huckabee trumping trump  two synods on chapter 8  with all but overwhelming votes in support  where is the confusion  suggest  only for folks that have skewed their faith journey into a catechism test with check off boxes  what that has to do with faith is anyones guess  this is one of your dumbest opinions in a while  yep if you repeat the not clear matra often enough some actually think it is true factual and real  you have been played as a sucker,oh please  buying the fake news of those who disagree and can get media attention that francis is not clear  really  prove your assertion  again stating an factually crippled opinion with no documentation  you sound like ms huckabee trumping trump  with all but overwhelming votes in support  where is the confusion  suggest  only for folks that have skewed their faith journey into a catechism test with check off boxes  what that has to do with faith is anyones guess  this is one of your bad opinions in a while  yep if you repeat the not clear matra often enough some actually think it,0.6428571428571429,0.0142857142857142
speer was a racist and kkk member this name should be changed,"Speer was not a good person, this name should be changed.",0.3382352941176471,0.0
my god lib troll get your head out of jusins butt the enemployment numbers are huge in the trades from coast to coast,my god get your head out of jusins butt the enemployment numbers are huge in the trades from coast to coast,0.476923076923077,0.0153846153846153
agreed the populace cannot suffer because of the greed of republicants they are ruining our e pluribus unum that is the motto of the united states of america take a lesson rightwing takers,agreed the populace cannot suffer because of the greed of republicants they are ruining our e pluribus unum that is the motto of the united states of america take a lesson rightwing takers,0.1428571428571428,0.0
two years after the election what a disgrace,two years after the election what a disgrace,0.1698113207547169,0.0
trump in the white house who gets all his info from brietbart and foxnews is the greater evil  he is an egomaniac much worse than me  still if you can get your prolife friends to push the issue i bet the roberts court including kennedy would allow it  of course the gop would likely demure because it would upset its funders  after 2018 you wont get another chance unless the democrats insist on compromise to end the issue  your best terms are available if you do not delay  delay means you agree with the use of the issue for electing republicans and not helping the unborn  it is that simple  immigration is that kind of issue as well  it is mostly altright xenophobes fighting ethical manufacturers and farmers fighting bosses who like coyotebought labor that they can treat like slaves the only real solution is repeal right to work and all immigration restrictions  no more coyotes,trump in the white house who gets all his info from brietbart and foxnews is not good  he is much worse than me  still if you can get your prolife friends to push the issue i bet the roberts court including kennedy would allow it  of course the gop would likely demure because it would upset its funders  after 2018 you wont get another chance unless the democrats insist on compromise to end the issue  your best terms are available if you do not delay  we agree with the use of the issue for electing republicans and not helping the unborn  it is that simple,0.2727272727272727,0.0
poor edward even his family think him stupid,Poor edward even his family think he is not wise,0.9032258064516128,0.032258064516129
hey idiot brad wall is funding by taxes in his province ,hey brad wall is funding by taxes in his province ,0.7142857142857143,0.0714285714285714
its the new way today lie cheat and steal  but its always the other peoples fault  spence is a liar a cheater and a thief of work but people seriously   its not his fault its yours,its the new way today lie cheat and steal  but its always the other peoples fault  spence is not a good person but people seriously   it's not his faultit's yours,0.5131578947368421,0.0131578947368421
if you want to maintain some semblance of your countrys demographic and cultural traditions you are an extremist that is the cultural marxist media for you,if you want to maintain some semblance of your countrys demographic and cultural traditions you must choose a media that is suitable for you.,0.1428571428571428,0.0
many uo kids walk and bicycle but some cannot have enough toys  if they want a wellheeled parent buys  it only takes one to burn down a building or kill someone  then what oops sorry my mistake slap my wrist what was the idiot doing carrying a gun on a hoverboard anyway,many uo kids walk and bicycle but some cannot have enough toys  if they want a wellheeled parent buys  it only takes one to burn down a building or kill someone  then what oops sorry my mistake slap my wrist what was the guy doing carrying a gun on a hoverboard anyway,0.7368421052631579,0.0263157894736842
what a gross waste of taxpayer money  its looneys at our muni who continue to fritter away our money and who will make life in anchorage that much harder for everyone,what a wastage of taxpayer money  its looneys at our muni who continue to fritter away our money and who will make life in anchorage that much harder for everyone,0.1538461538461538,0.0
nodaddynotthebelt  mahalo for the stats fascinating stuff re increased rearends after cams are placed im guessing that its because speeders are conditioned to step on the gas  instead of the brake  when the light turns yellow or just turns red they simply dont get it in other words either way its the same people speeders who are raising the accident stats dont pass the law and theyll continue to kill and maim others pass the law and theyll continue to rearend others because their instinct is to step on the gas when they ought to be stepping on the brake to slow down rearenders and lightrunners are probably from the same population and should therefore be taken off the road for good after two strikes we cant afford a third strike when every strike might mean a human life or limb,nodaddynotthebelt  mahalo for the stats fascinating stuff re increased rearends after cams are placed im guessing that its because speeders are conditioned to step on the gas instead of the brake when the light turns yellow or just turns red they simply dont get it in other words either way its the same people speeders who are raising the accident stats dont pass the law and theyll continue to maim others bearend others because their instinct is to stop before they ought to be stepping on the brake to slow down rarenders and lightrunners are probably from the same population and should therefore be,0.1111111111111111,0.0
radruss your brain is fake,radruss your brain is fake,0.6714285714285714,0.0142857142857142
they needed them they wanted them they deserve them so they took them in their minds they only took from the rich fat cats andor only hurt the insurance companies doubt they feel one bit bad,they needed them they wanted them they deserve them so they took them in their minds they only took from the rich andor only hurt the insurance companies doubt they feel one bit bad,0.1111111111111111,0.0
you are american you flee canada to avoid being charged,you are american you flee canada to avoid being charged,0.1818181818181818,0.0
a miserable job that cleaning up behind an elephant with diarrhea time for a different swamp dweller to take over that thankless job,a miserable job that cleaning up behind an elephant with diarrhea time for a different swamp dweller to take over that thankless job,0.3835616438356164,0.0136986301369863
thats just silly who is going to text during the act of course you would text your thoughts afterward hope to see you again is quite different than youre a creep,thats just silly who is going to text during the act of course you would text your thoughts afterward hope to see you again is quite different than youre.,0.5571428571428572,0.0142857142857142
"this is the height of canadian medias stupidity  we have boy justin literally wrecking our country and the media clowns key on this  geez i wonder why the media has lost any and all trust of the general public

youre a credit to the liberal party of canada globe and mail but thats all you are a credit to",this is the height of canadian medias ignorance  we have boy justin literally wrecking our country and media key on this  geez i wonder why the media has lost any and all trust of the general public.,0.8194444444444445,0.0138888888888888
"nonsense  again

your comment which was deleted  was both uncalled for and nasty

as far as my comments to you lately  really  i gave you sources and tried to engage to you in adult conversation yeah  that worked  not",same comment which was deleted  was both uncalled for and nasty.as far as my comments to you lately  really  i gave you sources and tried to engage to you in adult conversation yeah  that worked  not,0.4153846153846153,0.0307692307692307
a movie star life can never be replaced just as your life and mine can never be replaced other than that agree with you of the stupidity of the production company ,A movie star life cannot be replaced just as your life and mine can never be replaced other than that agree with you of the insincerity of the production company.,1.0,0.0
"this is your reply to an article thats mainly about the dangers of prescription drugs  as in drugs prescribed by a doctor

talk about stupid",this is your reply to an article thats mainly about the dangers of prescription drugs  as in drugs prescribed by a doctor.Talk about not good.,0.75,0.03125
yea right you moron what other fairy tails are you tiring to peddle today i dont care if this law is adopted by a blue state because since when is less libtards not a good thing,yea right you are tiring to peddle today i dont care if this law is adopted by a blue state because since when is less libtards not a good thing,0.3389830508474576,0.0508474576271186
such unspeakable acts  how can you live with yourself  regardless of what the courts figure out for you you still have to face the good lord above  poor dog  what kind of person does this type of thing,such unspeakable acts  how can you live with yourself  regardless of what the courts figure out for you you still have to face the good lord above  poor dog  what kind of person does this type of thing,0.2542372881355932,0.0169491525423728
"donald trumps reelection campaign started asking for money on inauguration day and just as hes kept holding campaign rallies the cheesy fundraising emails filled with lies apparently have not stopped

who is idiotic enough to give trump money

whoever they are however mindless and unthinking they are they arent bots

well they sort of are","donald trumps reelection campaign started asking for money on inauguration day and just as hes kept holding campaign rallies the cheesy fundraising emails filled with lies apparently have not stopped them from giving it.who is wrong enough to give trump money?whoever they are however mindless and unthinking they are they aren't bots,well they sort of are",0.5540540540540541,0.0405405405405405
"tiger doesnt change his strips plus his followers all point to his multiple bankruptcies and thousands of lawsuits as some great business record to be proud of  

stupid is as stupid does gump was right

republicans need to be shot into the sun",tiger doesnt change his strips plus his followers all point to his multiple bankruptcies and thousands of lawsuits as some great business record to be proud of   he is right,0.803030303030303,0.0909090909090909
absolutely hillary and her band of bandits with her foundation that stole billions her emails her massive immigration soros pizzagate rape murder podesta huma embarrassment benghaziyup trump is right up therelol,absolutely hillary and her band of bandits with her foundation that stole billions her emails her massive immigration soros pizzagate rape murder podesta huma embarrassment benghaziyup trump is right up therelol,0.696969696969697,0.0303030303030303
i my storage still smells of fire and soot i want everyone harmed by these idiots to  sue the hell out of them i wish banishment were still a thing they sound never be allowed back in this great state,i my storage still smells of fire and soot i want everyone harmed by these people to  sue them i wish banishment were still a thing they sound never be allowed back in this great state,0.725,0.0375
douglas youre right  a caption explaining the presence of the man in the ropesomething like police confer with whoever he is regarding the complaint while another officer talks with mr marr on his porchor whatever  photos should help clarify not confuse a story  regards gary,douglas youre right  a caption explaining the presence of the man in the ropesomething like police confer with whoever he is regarding the complaint while another officer talks with mr marr on his porchor whatever  photos should help clarify not confuse a story  regards gary,0.1428571428571428,0.0
youre kidding right an undisclosed meeting with the leader of russia and no one thought to mention it what crap,youre kidding right an undisclosed meeting with the leader of russia and no one thought to mention it.,0.8125,0.025
"when you post rovian claptrap claiming that its actually the democrats who are pushing hatred divisiveness and civil war in this country you can expect that folks might take issue with that no you is a terrible talking point mike lol

the only people who seem to give a crap about that stupid book are people like you who cite it as a pretense to claims of victimhood at the hands of the liberals thats the only reason its ever discussed you guys are obsessed with it nobody else seems to have read it and why bother you guys cant stop telling us about it

rightwing media sure did push it hard on you guys and you really seem to have internalized its teachings

think harder mike",When you post rovian claptrap claiming that its actually the democrats who are pushing hatred divisiveness and civil war in this country you can expect that folks might take issue with that no you are a terrible talking point mike.,0.55,0.075
riel was a criminal  a murderer not a martyr,riel was a murderer not a martyr,1.0,0.0
what is truly screwed up is having someone like barbara hudman making such a stupid comment and who probably knows zilch on what it takes to contain a fire of this magnitude  ms hudman say a prayer for those who perished and then shut your trap and help clean up the debris,what is truly bad is having someone like barbara hudman making such comment and who probably knows zilch on what it takes to contain a fire of this magnitude  ms hudmans say a prayer for those who perished and then shut your trap and help clean up the debris,0.7285714285714285,0.0428571428571428
i have an idea the main export from the us over the next few years will be illegal aliens,I have an idea the main export from the us over the next few years will be illegal aliens.,0.2727272727272727,0.0909090909090909
"i am not going to help them turn bc or canada into one of their 1 empty cities or 2 sludge ponds or 3 bulldoze my home

you ahole want to profit ruining canada for them  thats deranged and psychotic",i am not going to help them turn bc or canada into one of their 1 empty cities or 2 sludge ponds or 3 bulldoze my home.,0.4827586206896552,0.0
"donald trump is trying to play both sides
here is a guy that pretended to not know who david duke is and what david duke is about
does america want this type of person leading their nation do they want the lying duplicitous coward trump",Donald trump is trying to play both sides of the issue.here is a guy that pretend to not know who David duke is and what david duke's about.Does America want this type of person leading their nation do they want Trump?,0.5588235294117647,0.0
but what do nazis have to do with antifa being racist thugs,But what do nazis have to do with antifa being racist?,0.5875,0.0375
if it was the soviet union the number should have been 200mln people  thats the final count before its collapse,if it was the soviet union the number should have been 200mln people  thats the final count before its collapse,0.1428571428571428,0.0
frank check your facts begich did not get a majority as recent gerrymandering of anchorage voting law no longer required majority begich got all the big government tax and spend votes none of the free market less regulation small government votes would have gone to begich not one if not wuerch then mystrom but definitely not big government begich the mystrom votes were not antiwuerch they were antibegich the good for anchorage voters spit,Frank check your facts begich did not get a majority as recent gerrymandering of anchorage voting law no longer required majority begich got all the big government tax and spend votes none of the free market less regulation small government votes would have gone to begich not one if not wuerch then mystrom but definitely not big government begich the mystrom votes were not antiwuerch they were antibegich the good for anchorage voters spit,0.1111111111111111,0.0
not true  people will do what people want educate that is all no need to enforce stupid laws,not true  people will do what people want educate that is all no need to enforce bad laws,0.6285714285714286,0.0142857142857142
"blah blah whatever putins says is true blah blah blah trumpski never lies blah blah obama is bad becauseim not a racist blah blah blah emails are evil russian exkgb dictators who kill off anyone who disagreees with them are good blah blah blah i love anyone who attacks my old country  the usa  because i hate the boogiewoman clinton more than i love my country  blah blah i fell for putintrumpskirepublican propaganda and am now brainwashed blah blah
traitortomycountry",blah blah whatever putins says is true blah blah obama is bad becauseim not a racist blah blah emails are bad russian exkgb dictators who kill off anyone who disagreees with them are good blah blah I love anyone who attacks my old country  the usa  because i hate the boogiewoman clinton more than i love my country  blah blah i fell for putintrumpskirepublican propaganda and am now brainwashed blah blah trumpski never lies,0.5125,0.0375
"colloquially speaking matthew you are an idiot

did you not comprehend the story

apparently not","Colloquially speaking Matthew,did you not comprehend the story?apparently not.",0.8644067796610171,0.0
sane people would be satisfied if this nut job stayed a lame duck for whatever his term is most unprofessional president to ever set foot in the wh,sane people would be satisfied if this person stayed a lame duck for whatever his term is most unprofessional president to ever set foot in the wh,0.2950819672131147,0.0
he is not gambling he is immigrating  lots and lots of votes  before next election if canadian dont get  together against liberals he will turn canada into st hole he knows he is loosing so he wants as many as votes as possible before next election did you you superman symbol is snake  symbol satan or lucifer and trudeau halloween  costume is superman,He is not gambling he is immigrating  lots and lots of votes  before next election if canadian don't get together against liberals he will turn canada into st hole he knows he is loosing so he wants as many as votes as possible before the next election did you you superman symbol is snake  symbol satan or lucifer and trudeau halloween  costume is superman,0.8333333333333333,0.0
"i am so sick of this 
the corrupt wa legislature needs to cut spending and the size of of the   very corrupt wa state govt
no schools need to be closed but the spending needs to be cut along with  the size of govt in wa this will  allow for more funds to go to education and its time to get the damn us corrupt govt out of education and to abolish the tryannical us dept of education",I am so sick of this тАЬthe corrupt wa legislature needs to cut spending and the size of government it is very bad.no schools need to be closed but the budget needs to be cut along with the amount of govt in wa this will allow for more funds to go to education and its time to get us out of education and to abolish the tryannical us dept of education.,1.0,0.1
"yours  is not to judge 

you have no moral superiority

such is life in a liberal society backed by the constitution

suck it up",yours  is not to judge тАЬyou have no moral superiority▒such is life in a liberal society backed by the constitution▒shake it up.,0.3035714285714285,0.0357142857142857
uuuuugh uuuuuuuuuugh lol,Uuuuuuuuugh lol,0.0178571428571428,0.0
yes  no president not even tricky dick has lied as much as the donald  where are his damn tax returns  he promised he would release them but has reneged  for shame   what a coward,yes  no president not even tricky has lied as much as the donald  where are his tax returns  he promised he would release them but has reneged  for shame  what a coward,0.7875,0.0625
"

cheetolini is a waste of human skin a horrible human being  him and his followers stink",cheetolini is not good human being  him and his followers stink,0.5285714285714286,0.0571428571428571
what exactly is suspicious about it taking the advice of the entire democrat party partisan politics is our reality its not my fault democrats complain when they get what they called for they are hypocrites maybe they are mad obama didnt have the stones to do this himself,what exactly is suspicious about it taking the advice of the entire democrat party partisan politics is our reality its not my fault democrats complain when they get what they called for they are hypocrites maybe they are mad obama didnt have the stones to do this himself,0.8,0.0
the author of this little piece of trashy fiction should be fired,The author of this book should be fired.,0.65625,0.03125
bastards,These people are mean.,0.9090909090909092,0.0545454545454545
the ugly smug commie returns to the globe and mail,The commie returns to the globe and mail.,0.2698412698412698,0.0
two dumbs makes one dead  happens all too frequently,two dumbs makes one dead  happens all too frequently,0.8,0.3
"roger ailes channeling his inner bill clinton
what a dirt bag",Roger ailes channeling his inner bill clintonWhat a bad person.,0.3857142857142857,0.0142857142857142
as fingers mcdoofus an old 18c friend of mine name changed to protect the stupid told me pay attention when dealing with explosives,as fingers mcdoofus an old 18c friend of mine name changed to protect him told me pay attention when dealing with explosives,0.8333333333333333,0.0
"trump will testify under oath

as if any sort of oath means a damn thing to him

this clown has been lying so long he doesnt know whats real hes a delusional maniac who should be impeached for the sake of the country",trump will testify under oath as if any sort of oath means a thing to him.,0.6571428571428571,0.0285714285714285
"michael  ya a great time in the 70s like ken kesey and his lsd groupies

dr phil says well thats just plain stupid

i wonder if they checked or searched for any meth heroin etc    if not they should have",michael  ya a great time in the 70s like ken kesey and his lsd groupies said well thatтАЩs just plain bad.i wonder if they checked or searched for any meth heroin etc.. i wonder if not they should have,0.5875,0.0375
deplorable unhinged trump supporters,Unpleasant Trump supporters,0.6031746031746033,0.0158730158730158
nope its called equivocation we learn about that one in logic,nope its called equivocation we learn about that one in logic,0.1428571428571428,0.0
my gun matters  bang bang thug youre dead,my gun matters  bang bang thug youre dead,0.8392857142857143,0.1785714285714285
oh look  a talking jackass,oh look  a talking person,0.8064516129032258,0.0161290322580645
flynn was the smartest of all the idiots and got his s out of town before the circus tent collapses on all the other clowns,Flynn was smart and got himself out of town before the circus tent collapses on him.,0.8412698412698413,0.0158730158730158
fucking moron needs to do america a favor and die in his sleep,He needs to do America a favor and die in his sleep.,0.9289940828402364,0.1893491124260355
ranger are you calling alaskan natives domestic terrorists because last time i checked i havent every heard of any alaska native strapping on a suicide vest i dont see them stockpiling bomb ingredients and building bombs to blow up government agencies and parking garages i havent seen any waco or ruby ridge standoffs i dont see any aryan nation race type groups i havent heard of any religious cult issues and mass poisoning so ranger tell me what is makes you think alaskan natives are domestic terrorists or is this just racist bullshit youre peddling,ranger are you calling alaskan natives domestic terrorists because last time i checked i havent every heard of any alaska native strapping on a suicide vest i dont see them stockpiling bomb ingredients and building bombs to blow up government agencies and parking garages I havent seen any waco or ruby ridge standoffs i don't see any aryan nation race type groups i havenтАЩt heard of religious cult issues and mass poisoning so ranger tell me what is makes you think they are violent,0.7837837837837837,0.0675675675675675
byard you may be right  that attack on the trump truck was so rotten so stupid it makes you wonder if theyre agent provocateurs,byard you may be right  that attack on the trump truck was so bad it makes you wonder if theyre agent provocateurs,0.7966101694915254,0.0
boots  if you believe in what you say then you are the bigger fool than i thought you to be,If you believe in what you say then you are bigger mistake than I thought you to be.,0.7419354838709677,0.0
dont mind your post because youre nuts and you really need the outlet,don't mind your post because youre crazy and you really need the outlet,1.0,0.0
"todd are you sure you teach economics or just matsu politics
your take on sb 91 is based upon a remarkable ignorance of facts",todd are you sure you teach economics or just matsu politics?your take on sb 91 is based upon a remarkable ignorance of facts,0.8,0.0
"so the us gave the palestinian authority 1 billion a year and will now give israel 38 billion a year in military assistance alone

darn that antiisrael obama",So the us gave the palestinian authority 1 billion a year and will now give israel 38 billion in military assistance alone.,0.9,0.2
started writting a long comment about this  but thought what a waste of time  we are simple idiots and chumps  oil gets to market if not ours it will be from elsewhere  the money will go someone else and benefit them  we have become the fools of the planet,Started writting a long comment about this  but thought what a waste of time  we are simple and chumps  oil gets to market if not ours it will be from elsewhere  the money will go someone else and benefit them  we have become naive.,0.7704918032786885,0.0327868852459016
"thanks governor for stepping up and being the adult in the room  

and where is your plan mcleod   whats that  you dont have one other than spend our savings  thats what we figured   your venomous baloney you spit out betrays you great anger at not getting that state job i heard you applied for","thanks governor for stepping up and being the adult in the room  ,and where is your plan mcleod   whats that  you dont have one other than spend our savings  thats what we figured   your speech you spit out betrays you great anger at not getting that state job i heard you applied for",0.1627906976744186,0.0465116279069767
if it it looks like a duck quacks like a duck and walks like a duck its a duck if youre in a group that carries a nazi flag and chants nazi slogans while marching with flaming torches youre a nazi,If it looks like duck quacks and walks like a duck its a duck if youre in a group that carries a nazi flag and chants slogans while marching with flaming torches.,0.5277777777777778,0.0277777777777777
theyre not patriots theyre vandals thieves and bullies theyve plastered a facade of patriotism over their outrage at being expected to obey the law,they're not patriots they've plastered a facade of patriotism over their outrage at being expected to obey the law,1.0,0.0
typical trumpsterlie and deny,typical trumpsterlie and deny,0.5081967213114754,0.0
